Actual_Defect,Risk_Score,Risk_Level,Testing_Priority
True,20.0,Low,Priority 3
False,20.0,Low,Priority 3
False,44.0,Medium,Priority 2
False,3.0,Low,Priority 3
False,7.0,Low,Priority 3
True,18.0,Low,Priority 3
False,18.0,Low,Priority 3
False,7.0,Low,Priority 3
True,8.0,Low,Priority 3
False,16.0,Low,Priority 3
False,50.0,Medium,Priority 2
False,31.0,Medium,Priority 2
False,24.0,Low,Priority 3
False,35.0,Medium,Priority 2
False,7.0,Low,Priority 3
False,0.0,Low,Priority 3
False,21.0,Low,Priority 3
False,11.0,Low,Priority 3
True,26.0,Low,Priority 3
False,8.0,Low,Priority 3
False,9.0,Low,Priority 3
False,25.0,Low,Priority 3
True,59.0,Medium,Priority 2
False,12.0,Low,Priority 3
False,14.0,Low,Priority 3
False,13.0,Low,Priority 3
False,0.0,Low,Priority 3
False,8.0,Low,Priority 3
True,49.0,Medium,Priority 2
False,14.0,Low,Priority 3
False,7.0,Low,Priority 3
False,18.0,Low,Priority 3
False,0.0,Low,Priority 3
False,0.34,Low,Priority 3
False,28.08,Low,Priority 3
False,7.0,Low,Priority 3
False,44.0,Medium,Priority 2
True,62.0,Medium,Priority 2
False,2.0,Low,Priority 3
False,24.0,Low,Priority 3
False,15.0,Low,Priority 3
False,26.0,Low,Priority 3
False,53.0,Medium,Priority 2
True,4.5,Low,Priority 3
False,8.0,Low,Priority 3
False,0.0,Low,Priority 3
False,0.0,Low,Priority 3
False,31.0,Medium,Priority 2
True,70.11,High,Priority 1
False,21.0,Low,Priority 3
True,6.0,Low,Priority 3
False,10.43,Low,Priority 3
True,33.0,Medium,Priority 2
False,47.0,Medium,Priority 2
False,11.0,Low,Priority 3
False,45.0,Medium,Priority 2
False,11.0,Low,Priority 3
True,29.0,Low,Priority 3
True,29.0,Low,Priority 3
True,8.0,Low,Priority 3
False,40.0,Medium,Priority 2
False,16.0,Low,Priority 3
False,22.4,Low,Priority 3
False,22.0,Low,Priority 3
False,58.0,Medium,Priority 2
False,6.84,Low,Priority 3
False,28.46,Low,Priority 3
False,0.77,Low,Priority 3
False,27.0,Low,Priority 3
False,3.97,Low,Priority 3
False,49.0,Medium,Priority 2
False,1.0,Low,Priority 3
False,55.0,Medium,Priority 2
False,4.0,Low,Priority 3
False,41.0,Medium,Priority 2
False,5.0,Low,Priority 3
False,17.4,Low,Priority 3
False,0.0,Low,Priority 3
False,24.0,Low,Priority 3
False,39.53,Medium,Priority 2
False,5.0,Low,Priority 3
False,0.0,Low,Priority 3
False,1.0,Low,Priority 3
False,25.0,Low,Priority 3
False,0.0,Low,Priority 3
False,10.0,Low,Priority 3
False,23.0,Low,Priority 3
False,0.54,Low,Priority 3
True,44.0,Medium,Priority 2
True,3.0,Low,Priority 3
False,43.0,Medium,Priority 2
False,30.0,Low,Priority 3
True,4.0,Low,Priority 3
False,56.0,Medium,Priority 2
True,5.0,Low,Priority 3
False,27.0,Low,Priority 3
False,3.73,Low,Priority 3
False,0.0,Low,Priority 3
False,16.0,Low,Priority 3
True,7.21,Low,Priority 3
True,67.0,Medium,Priority 2
False,20.0,Low,Priority 3
False,37.0,Medium,Priority 2
True,30.0,Low,Priority 3
True,62.0,Medium,Priority 2
False,3.73,Low,Priority 3
False,4.0,Low,Priority 3
False,3.0,Low,Priority 3
False,61.0,Medium,Priority 2
False,9.0,Low,Priority 3
False,11.04,Low,Priority 3
False,16.0,Low,Priority 3
False,33.0,Medium,Priority 2
False,37.0,Medium,Priority 2
False,8.0,Low,Priority 3
True,71.0,High,Priority 1
False,6.0,Low,Priority 3
True,21.0,Low,Priority 3
False,1.0,Low,Priority 3
False,18.0,Low,Priority 3
False,0.0,Low,Priority 3
False,45.0,Medium,Priority 2
False,34.08,Medium,Priority 2
True,59.0,Medium,Priority 2
False,26.0,Low,Priority 3
False,16.0,Low,Priority 3
False,7.0,Low,Priority 3
False,14.0,Low,Priority 3
False,53.0,Medium,Priority 2
False,23.0,Low,Priority 3
False,2.0,Low,Priority 3
False,4.0,Low,Priority 3
False,0.77,Low,Priority 3
False,55.5,Medium,Priority 2
False,13.0,Low,Priority 3
False,65.0,Medium,Priority 2
False,26.76,Low,Priority 3
True,16.0,Low,Priority 3
False,61.0,Medium,Priority 2
False,9.0,Low,Priority 3
False,11.0,Low,Priority 3
False,0.77,Low,Priority 3
False,0.0,Low,Priority 3
False,63.0,Medium,Priority 2
True,15.0,Low,Priority 3
False,0.77,Low,Priority 3
False,0.0,Low,Priority 3
True,45.0,Medium,Priority 2
True,55.0,Medium,Priority 2
False,0.0,Low,Priority 3
False,0.0,Low,Priority 3
False,1.0,Low,Priority 3
True,58.17,Medium,Priority 2
False,23.0,Low,Priority 3
False,2.76,Low,Priority 3
False,13.0,Low,Priority 3
False,72.0,High,Priority 1
False,14.24,Low,Priority 3
False,0.34,Low,Priority 3
False,0.0,Low,Priority 3
False,0.77,Low,Priority 3
False,7.01,Low,Priority 3
False,31.0,Medium,Priority 2
True,50.0,Medium,Priority 2
True,18.0,Low,Priority 3
False,3.0,Low,Priority 3
False,11.0,Low,Priority 3
False,9.0,Low,Priority 3
False,0.77,Low,Priority 3
False,11.0,Low,Priority 3
False,29.0,Low,Priority 3
False,39.0,Medium,Priority 2
False,38.0,Medium,Priority 2
False,1.0,Low,Priority 3
False,12.0,Low,Priority 3
False,12.0,Low,Priority 3
False,32.38,Medium,Priority 2
False,8.0,Low,Priority 3
False,7.01,Low,Priority 3
False,51.0,Medium,Priority 2
False,4.0,Low,Priority 3
False,0.0,Low,Priority 3
True,42.0,Medium,Priority 2
False,6.0,Low,Priority 3
False,35.0,Medium,Priority 2
False,0.0,Low,Priority 3
False,0.6,Low,Priority 3
True,20.0,Low,Priority 3
True,28.0,Low,Priority 3
False,19.17,Low,Priority 3
False,19.0,Low,Priority 3
False,31.0,Medium,Priority 2
False,17.0,Low,Priority 3
False,16.0,Low,Priority 3
False,5.0,Low,Priority 3
False,15.42,Low,Priority 3
False,6.0,Low,Priority 3
False,19.0,Low,Priority 3
False,3.0,Low,Priority 3
True,18.0,Low,Priority 3
False,15.83,Low,Priority 3
False,5.0,Low,Priority 3
True,3.14,Low,Priority 3
False,21.0,Low,Priority 3
False,9.0,Low,Priority 3
False,21.0,Low,Priority 3
False,4.0,Low,Priority 3
False,32.0,Medium,Priority 2
False,21.0,Low,Priority 3
False,17.0,Low,Priority 3
False,16.0,Low,Priority 3
False,2.76,Low,Priority 3
False,46.0,Medium,Priority 2
False,27.0,Low,Priority 3
False,8.0,Low,Priority 3
False,11.0,Low,Priority 3
False,19.0,Low,Priority 3
False,16.0,Low,Priority 3
False,13.0,Low,Priority 3
False,39.0,Medium,Priority 2
False,22.0,Low,Priority 3
False,12.0,Low,Priority 3
False,28.0,Low,Priority 3
False,19.25,Low,Priority 3
False,27.0,Low,Priority 3
True,40.75,Medium,Priority 2
False,22.0,Low,Priority 3
False,0.13,Low,Priority 3
False,24.0,Low,Priority 3
False,25.92,Low,Priority 3
False,32.0,Medium,Priority 2
False,29.0,Low,Priority 3
False,11.67,Low,Priority 3
False,16.0,Low,Priority 3
False,34.0,Medium,Priority 2
False,97.0,High,Priority 1
False,26.0,Low,Priority 3
False,28.0,Low,Priority 3
False,29.0,Low,Priority 3
False,61.0,Medium,Priority 2
True,58.0,Medium,Priority 2
False,17.0,Low,Priority 3
False,10.0,Low,Priority 3
False,17.0,Low,Priority 3
False,4.0,Low,Priority 3
False,12.0,Low,Priority 3
False,23.0,Low,Priority 3
False,30.0,Low,Priority 3
False,3.0,Low,Priority 3
False,7.0,Low,Priority 3
False,16.0,Low,Priority 3
False,41.0,Medium,Priority 2
False,14.0,Low,Priority 3
True,40.0,Medium,Priority 2
False,0.77,Low,Priority 3
False,23.0,Low,Priority 3
False,38.0,Medium,Priority 2
True,92.0,High,Priority 1
False,0.77,Low,Priority 3
True,74.0,High,Priority 1
True,100.0,High,Priority 1
True,18.0,Low,Priority 3
False,0.0,Low,Priority 3
False,2.92,Low,Priority 3
True,26.0,Low,Priority 3
True,19.0,Low,Priority 3
False,22.0,Low,Priority 3
False,1.0,Low,Priority 3
True,25.0,Low,Priority 3
True,59.0,Medium,Priority 2
True,65.0,Medium,Priority 2
False,3.0,Low,Priority 3
False,3.97,Low,Priority 3
False,50.0,Medium,Priority 2
False,28.0,Low,Priority 3
False,7.21,Low,Priority 3
False,0.05,Low,Priority 3
False,3.0,Low,Priority 3
False,3.0,Low,Priority 3
False,21.0,Low,Priority 3
False,23.0,Low,Priority 3
True,14.0,Low,Priority 3
False,11.0,Low,Priority 3
False,4.0,Low,Priority 3
False,14.0,Low,Priority 3
False,2.0,Low,Priority 3
False,35.0,Medium,Priority 2
False,10.0,Low,Priority 3
False,5.0,Low,Priority 3
False,16.0,Low,Priority 3
False,46.0,Medium,Priority 2
False,2.76,Low,Priority 3
False,23.6,Low,Priority 3
False,29.0,Low,Priority 3
False,7.0,Low,Priority 3
False,8.5,Low,Priority 3
False,12.23,Low,Priority 3
False,0.77,Low,Priority 3
False,4.0,Low,Priority 3
True,73.0,High,Priority 1
False,0.0,Low,Priority 3
False,3.73,Low,Priority 3
False,27.0,Low,Priority 3
False,8.0,Low,Priority 3
False,8.0,Low,Priority 3
False,6.0,Low,Priority 3
False,5.0,Low,Priority 3
False,43.33,Medium,Priority 2
False,52.0,Medium,Priority 2
False,23.08,Low,Priority 3
False,7.0,Low,Priority 3
False,73.18,High,Priority 1
False,4.0,Low,Priority 3
False,24.0,Low,Priority 3
True,96.0,High,Priority 1
False,0.0,Low,Priority 3
True,22.0,Low,Priority 3
False,0.0,Low,Priority 3
False,8.0,Low,Priority 3
False,21.0,Low,Priority 3
False,45.0,Medium,Priority 2
True,35.0,Medium,Priority 2
False,0.0,Low,Priority 3
True,69.0,Medium,Priority 2
False,35.0,Medium,Priority 2
False,24.86,Low,Priority 3
False,0.0,Low,Priority 3
False,0.0,Low,Priority 3
True,27.0,Low,Priority 3
False,4.0,Low,Priority 3
False,14.0,Low,Priority 3
False,13.0,Low,Priority 3
False,20.0,Low,Priority 3
True,7.21,Low,Priority 3
False,26.0,Low,Priority 3
False,41.0,Medium,Priority 2
False,7.0,Low,Priority 3
True,55.0,Medium,Priority 2
True,24.25,Low,Priority 3
False,4.0,Low,Priority 3
True,22.0,Low,Priority 3
False,4.0,Low,Priority 3
False,14.0,Low,Priority 3
True,0.0,Low,Priority 3
False,3.0,Low,Priority 3
True,89.0,High,Priority 1
False,0.0,Low,Priority 3
False,5.0,Low,Priority 3
False,44.4,Medium,Priority 2
False,16.0,Low,Priority 3
False,3.0,Low,Priority 3
False,15.0,Low,Priority 3
False,21.0,Low,Priority 3
False,5.0,Low,Priority 3
False,3.97,Low,Priority 3
False,12.0,Low,Priority 3
False,0.0,Low,Priority 3
False,19.0,Low,Priority 3
False,0.0,Low,Priority 3
False,13.0,Low,Priority 3
True,44.0,Medium,Priority 2
True,21.0,Low,Priority 3
True,16.0,Low,Priority 3
True,37.0,Medium,Priority 2
False,29.0,Low,Priority 3
False,5.0,Low,Priority 3
False,35.0,Medium,Priority 2
False,14.0,Low,Priority 3
False,27.75,Low,Priority 3
True,48.0,Medium,Priority 2
True,23.0,Low,Priority 3
False,6.33,Low,Priority 3
False,5.0,Low,Priority 3
False,0.0,Low,Priority 3
False,31.0,Medium,Priority 2
False,20.0,Low,Priority 3
False,0.0,Low,Priority 3
False,9.0,Low,Priority 3
False,30.0,Low,Priority 3
False,37.0,Medium,Priority 2
False,4.0,Low,Priority 3
False,43.13,Medium,Priority 2
False,1.0,Low,Priority 3
False,30.0,Low,Priority 3
False,0.0,Low,Priority 3
False,30.0,Low,Priority 3
True,25.0,Low,Priority 3
False,36.0,Medium,Priority 2
False,0.77,Low,Priority 3
False,0.77,Low,Priority 3
False,26.0,Low,Priority 3
False,21.0,Low,Priority 3
True,7.21,Low,Priority 3
False,6.0,Low,Priority 3
True,17.0,Low,Priority 3
True,2.0,Low,Priority 3
False,8.0,Low,Priority 3
False,3.0,Low,Priority 3
False,11.0,Low,Priority 3
False,6.0,Low,Priority 3
True,57.0,Medium,Priority 2
False,22.0,Low,Priority 3
False,8.0,Low,Priority 3
False,8.0,Low,Priority 3
False,57.0,Medium,Priority 2
False,13.0,Low,Priority 3
False,20.25,Low,Priority 3
False,17.0,Low,Priority 3
False,47.67,Medium,Priority 2
False,15.0,Low,Priority 3
False,0.77,Low,Priority 3
False,2.76,Low,Priority 3
False,3.0,Low,Priority 3
False,16.59,Low,Priority 3
False,0.0,Low,Priority 3
True,10.0,Low,Priority 3
True,8.0,Low,Priority 3
False,20.0,Low,Priority 3
False,19.0,Low,Priority 3
True,21.0,Low,Priority 3
False,17.74,Low,Priority 3
False,3.25,Low,Priority 3
False,20.0,Low,Priority 3
False,25.0,Low,Priority 3
False,0.0,Low,Priority 3
False,7.0,Low,Priority 3
False,6.0,Low,Priority 3
True,14.0,Low,Priority 3
False,27.0,Low,Priority 3
False,1.0,Low,Priority 3
False,24.0,Low,Priority 3
False,23.0,Low,Priority 3
True,34.0,Medium,Priority 2
False,2.67,Low,Priority 3
True,64.0,Medium,Priority 2
False,17.0,Low,Priority 3
True,22.0,Low,Priority 3
False,21.67,Low,Priority 3
True,25.0,Low,Priority 3
False,0.77,Low,Priority 3
False,2.0,Low,Priority 3
False,9.0,Low,Priority 3
False,50.0,Medium,Priority 2
False,19.0,Low,Priority 3
False,53.0,Medium,Priority 2
False,60.0,Medium,Priority 2
False,68.0,Medium,Priority 2
False,28.0,Low,Priority 3
False,13.0,Low,Priority 3
False,15.0,Low,Priority 3
False,33.0,Medium,Priority 2
False,0.0,Low,Priority 3
False,0.0,Low,Priority 3
True,7.0,Low,Priority 3
False,0.0,Low,Priority 3
False,32.7,Medium,Priority 2
False,19.0,Low,Priority 3
False,25.67,Low,Priority 3
False,23.0,Low,Priority 3
False,6.17,Low,Priority 3
True,56.0,Medium,Priority 2
False,28.0,Low,Priority 3
True,27.0,Low,Priority 3
True,38.0,Medium,Priority 2
True,0.0,Low,Priority 3
False,13.0,Low,Priority 3
False,2.0,Low,Priority 3
False,13.0,Low,Priority 3
False,11.0,Low,Priority 3
False,15.0,Low,Priority 3
True,9.0,Low,Priority 3
False,5.0,Low,Priority 3
False,25.71,Low,Priority 3
False,8.0,Low,Priority 3
False,17.0,Low,Priority 3
False,1.9,Low,Priority 3
True,1.0,Low,Priority 3
False,7.0,Low,Priority 3
False,10.0,Low,Priority 3
False,19.0,Low,Priority 3
False,27.0,Low,Priority 3
False,0.0,Low,Priority 3
False,18.0,Low,Priority 3
False,0.0,Low,Priority 3
False,12.0,Low,Priority 3
False,28.46,Low,Priority 3
True,35.0,Medium,Priority 2
False,7.0,Low,Priority 3
False,2.76,Low,Priority 3
False,6.13,Low,Priority 3
False,27.0,Low,Priority 3
False,45.74,Medium,Priority 2
False,2.62,Low,Priority 3
False,1.83,Low,Priority 3
False,30.0,Low,Priority 3
False,9.0,Low,Priority 3
False,45.0,Medium,Priority 2
False,8.0,Low,Priority 3
True,53.0,Medium,Priority 2
False,19.0,Low,Priority 3
False,2.0,Low,Priority 3
False,2.76,Low,Priority 3
False,17.74,Low,Priority 3
False,3.0,Low,Priority 3
False,56.0,Medium,Priority 2
False,18.25,Low,Priority 3
False,9.0,Low,Priority 3
False,1.0,Low,Priority 3
False,4.0,Low,Priority 3
False,12.0,Low,Priority 3
True,34.0,Medium,Priority 2
False,5.0,Low,Priority 3
False,2.0,Low,Priority 3
True,17.0,Low,Priority 3
False,13.0,Low,Priority 3
False,1.6,Low,Priority 3
True,32.0,Medium,Priority 2
False,2.76,Low,Priority 3
True,48.0,Medium,Priority 2
True,69.5,Medium,Priority 2
False,13.0,Low,Priority 3
False,29.0,Low,Priority 3
False,0.0,Low,Priority 3
True,13.52,Low,Priority 3
False,38.0,Medium,Priority 2
False,13.65,Low,Priority 3
True,37.0,Medium,Priority 2
False,24.0,Low,Priority 3
False,12.0,Low,Priority 3
False,20.0,Low,Priority 3
False,0.0,Low,Priority 3
True,38.0,Medium,Priority 2
False,19.0,Low,Priority 3
False,30.0,Low,Priority 3
True,68.0,Medium,Priority 2
False,18.0,Low,Priority 3
False,3.0,Low,Priority 3
True,70.11,High,Priority 1
False,31.0,Medium,Priority 2
False,37.0,Medium,Priority 2
True,28.0,Low,Priority 3
False,40.0,Medium,Priority 2
True,46.0,Medium,Priority 2
False,19.93,Low,Priority 3
False,0.0,Low,Priority 3
True,52.0,Medium,Priority 2
False,46.0,Medium,Priority 2
False,17.0,Low,Priority 3
False,30.0,Low,Priority 3
False,10.0,Low,Priority 3
False,5.0,Low,Priority 3
True,67.0,Medium,Priority 2
False,19.0,Low,Priority 3
True,43.0,Medium,Priority 2
False,25.0,Low,Priority 3
False,20.0,Low,Priority 3
True,30.0,Low,Priority 3
False,0.0,Low,Priority 3
False,4.0,Low,Priority 3
False,29.0,Low,Priority 3
False,23.0,Low,Priority 3
False,18.0,Low,Priority 3
False,29.33,Low,Priority 3
False,1.0,Low,Priority 3
False,6.0,Low,Priority 3
False,22.0,Low,Priority 3
False,47.0,Medium,Priority 2
False,42.2,Medium,Priority 2
False,3.0,Low,Priority 3
True,9.0,Low,Priority 3
False,63.0,Medium,Priority 2
False,3.73,Low,Priority 3
False,7.0,Low,Priority 3
True,38.0,Medium,Priority 2
False,34.0,Medium,Priority 2
True,38.0,Medium,Priority 2
True,24.0,Low,Priority 3
False,22.0,Low,Priority 3
False,23.0,Low,Priority 3
False,6.0,Low,Priority 3
False,5.0,Low,Priority 3
False,8.25,Low,Priority 3
False,10.0,Low,Priority 3
False,22.0,Low,Priority 3
False,15.0,Low,Priority 3
False,37.0,Medium,Priority 2
False,15.0,Low,Priority 3
True,31.0,Medium,Priority 2
False,23.0,Low,Priority 3
True,71.0,High,Priority 1
False,5.0,Low,Priority 3
False,1.0,Low,Priority 3
False,5.0,Low,Priority 3
False,28.0,Low,Priority 3
False,7.0,Low,Priority 3
False,16.0,Low,Priority 3
False,1.0,Low,Priority 3
False,4.0,Low,Priority 3
False,34.0,Medium,Priority 2
False,9.0,Low,Priority 3
False,0.0,Low,Priority 3
False,9.0,Low,Priority 3
True,7.21,Low,Priority 3
False,10.0,Low,Priority 3
True,33.0,Medium,Priority 2
True,9.48,Low,Priority 3
False,0.0,Low,Priority 3
True,24.0,Low,Priority 3
False,19.0,Low,Priority 3
False,47.0,Medium,Priority 2
False,17.0,Low,Priority 3
False,0.0,Low,Priority 3
False,24.0,Low,Priority 3
True,90.0,High,Priority 1
False,8.0,Low,Priority 3
False,30.0,Low,Priority 3
False,1.0,Low,Priority 3
False,32.0,Medium,Priority 2
False,19.0,Low,Priority 3
True,0.0,Low,Priority 3
False,0.0,Low,Priority 3
False,2.0,Low,Priority 3
False,13.0,Low,Priority 3
False,8.0,Low,Priority 3
False,44.0,Medium,Priority 2
True,68.0,Medium,Priority 2
False,35.0,Medium,Priority 2
False,2.76,Low,Priority 3
False,4.0,Low,Priority 3
True,35.0,Medium,Priority 2
True,47.0,Medium,Priority 2
False,1.0,Low,Priority 3
False,45.0,Medium,Priority 2
False,7.0,Low,Priority 3
False,2.0,Low,Priority 3
False,13.0,Low,Priority 3
False,2.0,Low,Priority 3
True,15.0,Low,Priority 3
False,0.0,Low,Priority 3
False,28.0,Low,Priority 3
True,11.0,Low,Priority 3
True,28.0,Low,Priority 3
False,13.0,Low,Priority 3
False,10.0,Low,Priority 3
False,15.0,Low,Priority 3
False,5.0,Low,Priority 3
False,0.0,Low,Priority 3
False,8.0,Low,Priority 3
True,41.0,Medium,Priority 2
False,25.0,Low,Priority 3
False,53.0,Medium,Priority 2
False,19.0,Low,Priority 3
True,16.0,Low,Priority 3
False,9.7,Low,Priority 3
False,15.0,Low,Priority 3
False,2.0,Low,Priority 3
False,8.0,Low,Priority 3
False,6.0,Low,Priority 3
False,14.0,Low,Priority 3
False,63.0,Medium,Priority 2
True,41.0,Medium,Priority 2
True,22.0,Low,Priority 3
False,3.0,Low,Priority 3
False,0.0,Low,Priority 3
False,3.0,Low,Priority 3
False,16.0,Low,Priority 3
False,7.0,Low,Priority 3
False,12.0,Low,Priority 3
False,4.0,Low,Priority 3
True,4.0,Low,Priority 3
True,30.0,Low,Priority 3
False,0.0,Low,Priority 3
False,0.77,Low,Priority 3
True,73.0,High,Priority 1
False,39.0,Medium,Priority 2
True,11.0,Low,Priority 3
True,64.0,Medium,Priority 2
False,12.33,Low,Priority 3
False,48.0,Medium,Priority 2
False,11.0,Low,Priority 3
False,2.76,Low,Priority 3
False,33.0,Medium,Priority 2
False,31.0,Medium,Priority 2
False,22.0,Low,Priority 3
False,0.0,Low,Priority 3
False,27.0,Low,Priority 3
False,2.0,Low,Priority 3
False,0.0,Low,Priority 3
False,73.0,High,Priority 1
False,2.76,Low,Priority 3
False,21.67,Low,Priority 3
False,0.0,Low,Priority 3
False,27.0,Low,Priority 3
False,24.0,Low,Priority 3
True,37.5,Medium,Priority 2
False,53.0,Medium,Priority 2
False,0.0,Low,Priority 3
False,0.0,Low,Priority 3
False,13.0,Low,Priority 3
False,31.0,Medium,Priority 2
False,20.86,Low,Priority 3
True,68.0,Medium,Priority 2
False,0.0,Low,Priority 3
False,1.0,Low,Priority 3
False,50.0,Medium,Priority 2
False,1.0,Low,Priority 3
False,12.0,Low,Priority 3
False,21.0,Low,Priority 3
False,9.0,Low,Priority 3
False,33.0,Medium,Priority 2
False,35.0,Medium,Priority 2
False,0.0,Low,Priority 3
False,9.0,Low,Priority 3
False,2.76,Low,Priority 3
False,3.0,Low,Priority 3
False,17.0,Low,Priority 3
True,64.0,Medium,Priority 2
False,34.0,Medium,Priority 2
False,10.0,Low,Priority 3
False,2.67,Low,Priority 3
False,6.0,Low,Priority 3
False,9.0,Low,Priority 3
False,12.0,Low,Priority 3
False,3.0,Low,Priority 3
False,15.0,Low,Priority 3
False,5.33,Low,Priority 3
True,5.0,Low,Priority 3
False,5.0,Low,Priority 3
False,7.0,Low,Priority 3
False,0.77,Low,Priority 3
False,2.0,Low,Priority 3
False,12.0,Low,Priority 3
True,37.0,Medium,Priority 2
False,12.0,Low,Priority 3
False,39.0,Medium,Priority 2
False,0.0,Low,Priority 3
False,8.0,Low,Priority 3
False,20.0,Low,Priority 3
False,55.0,Medium,Priority 2
False,10.0,Low,Priority 3
False,12.0,Low,Priority 3
False,8.0,Low,Priority 3
False,7.0,Low,Priority 3
True,97.0,High,Priority 1
False,5.0,Low,Priority 3
False,0.0,Low,Priority 3
False,0.77,Low,Priority 3
False,4.0,Low,Priority 3
False,0.0,Low,Priority 3
True,69.83,Medium,Priority 2
False,27.0,Low,Priority 3
False,0.0,Low,Priority 3
False,54.0,Medium,Priority 2
True,20.0,Low,Priority 3
False,0.0,Low,Priority 3
False,30.0,Low,Priority 3
True,9.0,Low,Priority 3
False,14.0,Low,Priority 3
False,3.0,Low,Priority 3
False,0.0,Low,Priority 3
False,4.0,Low,Priority 3
False,2.0,Low,Priority 3
False,12.0,Low,Priority 3
False,34.11,Medium,Priority 2
False,18.0,Low,Priority 3
True,5.0,Low,Priority 3
False,4.0,Low,Priority 3
False,15.0,Low,Priority 3
False,35.0,Medium,Priority 2
False,4.0,Low,Priority 3
True,3.33,Low,Priority 3
False,2.0,Low,Priority 3
False,33.0,Medium,Priority 2
False,2.0,Low,Priority 3
False,15.0,Low,Priority 3
False,32.0,Medium,Priority 2
False,47.0,Medium,Priority 2
False,69.0,Medium,Priority 2
False,8.0,Low,Priority 3
False,8.0,Low,Priority 3
False,17.28,Low,Priority 3
False,18.0,Low,Priority 3
False,0.0,Low,Priority 3
True,23.0,Low,Priority 3
True,39.5,Medium,Priority 2
True,12.0,Low,Priority 3
False,11.0,Low,Priority 3
False,17.28,Low,Priority 3
True,99.0,High,Priority 1
False,1.0,Low,Priority 3
False,19.17,Low,Priority 3
False,19.79,Low,Priority 3
False,20.0,Low,Priority 3
False,24.0,Low,Priority 3
True,11.0,Low,Priority 3
False,7.0,Low,Priority 3
False,0.0,Low,Priority 3
False,11.0,Low,Priority 3
False,14.0,Low,Priority 3
False,0.09,Low,Priority 3
False,24.0,Low,Priority 3
False,20.0,Low,Priority 3
False,0.0,Low,Priority 3
False,15.0,Low,Priority 3
False,14.0,Low,Priority 3
False,24.0,Low,Priority 3
False,4.0,Low,Priority 3
False,28.0,Low,Priority 3
False,3.0,Low,Priority 3
True,6.0,Low,Priority 3
True,6.83,Low,Priority 3
True,33.0,Medium,Priority 2
False,22.0,Low,Priority 3
False,36.0,Medium,Priority 2
False,23.0,Low,Priority 3
True,27.0,Low,Priority 3
False,9.0,Low,Priority 3
False,20.0,Low,Priority 3
False,16.0,Low,Priority 3
False,6.0,Low,Priority 3
False,17.0,Low,Priority 3
False,37.0,Medium,Priority 2
False,5.0,Low,Priority 3
False,7.01,Low,Priority 3
True,71.0,High,Priority 1
False,0.0,Low,Priority 3
False,2.76,Low,Priority 3
False,13.0,Low,Priority 3
False,9.0,Low,Priority 3
False,7.21,Low,Priority 3
True,31.87,Medium,Priority 2
False,39.53,Medium,Priority 2
False,12.0,Low,Priority 3
False,0.0,Low,Priority 3
True,23.0,Low,Priority 3
False,47.0,Medium,Priority 2
False,27.0,Low,Priority 3
False,13.0,Low,Priority 3
False,12.0,Low,Priority 3
False,22.0,Low,Priority 3
False,37.0,Medium,Priority 2
False,2.76,Low,Priority 3
False,0.0,Low,Priority 3
True,39.0,Medium,Priority 2
False,57.0,Medium,Priority 2
False,1.0,Low,Priority 3
False,17.0,Low,Priority 3
False,13.0,Low,Priority 3
False,6.0,Low,Priority 3
False,24.0,Low,Priority 3
True,0.0,Low,Priority 3
False,0.0,Low,Priority 3
False,0.77,Low,Priority 3
False,27.0,Low,Priority 3
True,34.67,Medium,Priority 2
False,10.0,Low,Priority 3
False,0.0,Low,Priority 3
False,0.0,Low,Priority 3
False,25.5,Low,Priority 3
False,5.0,Low,Priority 3
True,0.0,Low,Priority 3
False,16.0,Low,Priority 3
False,6.0,Low,Priority 3
False,0.0,Low,Priority 3
False,3.0,Low,Priority 3
False,0.0,Low,Priority 3
False,0.0,Low,Priority 3
False,51.0,Medium,Priority 2
False,41.0,Medium,Priority 2
True,74.0,High,Priority 1
True,20.0,Low,Priority 3
False,44.0,Medium,Priority 2
False,19.02,Low,Priority 3
False,23.0,Low,Priority 3
True,26.0,Low,Priority 3
False,1.0,Low,Priority 3
False,16.0,Low,Priority 3
False,0.0,Low,Priority 3
False,16.0,Low,Priority 3
False,0.0,Low,Priority 3
True,9.0,Low,Priority 3
False,7.08,Low,Priority 3
True,13.0,Low,Priority 3
False,14.33,Low,Priority 3
True,23.0,Low,Priority 3
False,73.0,High,Priority 1
True,36.0,Medium,Priority 2
False,0.0,Low,Priority 3
False,10.0,Low,Priority 3
True,92.0,High,Priority 1
True,32.0,Medium,Priority 2
False,0.0,Low,Priority 3
False,66.0,Medium,Priority 2
False,41.22,Medium,Priority 2
True,8.0,Low,Priority 3
False,6.0,Low,Priority 3
False,21.0,Low,Priority 3
False,11.0,Low,Priority 3
False,19.93,Low,Priority 3
False,0.0,Low,Priority 3
False,13.0,Low,Priority 3
False,7.0,Low,Priority 3
False,2.76,Low,Priority 3
False,7.21,Low,Priority 3
False,4.0,Low,Priority 3
False,8.0,Low,Priority 3
False,2.76,Low,Priority 3
False,41.0,Medium,Priority 2
False,60.0,Medium,Priority 2
False,4.0,Low,Priority 3
False,8.0,Low,Priority 3
False,67.0,Medium,Priority 2
True,39.0,Medium,Priority 2
False,49.0,Medium,Priority 2
False,33.0,Medium,Priority 2
False,0.77,Low,Priority 3
False,13.0,Low,Priority 3
False,21.0,Low,Priority 3
False,12.33,Low,Priority 3
False,1.0,Low,Priority 3
False,25.0,Low,Priority 3
True,69.0,Medium,Priority 2
False,11.0,Low,Priority 3
True,30.0,Low,Priority 3
True,35.0,Medium,Priority 2
True,16.0,Low,Priority 3
True,44.0,Medium,Priority 2
True,13.0,Low,Priority 3
True,40.0,Medium,Priority 2
True,23.0,Low,Priority 3
False,23.0,Low,Priority 3
False,14.0,Low,Priority 3
False,36.0,Medium,Priority 2
False,32.0,Medium,Priority 2
False,30.0,Low,Priority 3
False,8.0,Low,Priority 3
True,44.0,Medium,Priority 2
False,15.42,Low,Priority 3
False,55.0,Medium,Priority 2
False,32.0,Medium,Priority 2
False,16.0,Low,Priority 3
True,39.0,Medium,Priority 2
True,7.0,Low,Priority 3
False,6.95,Low,Priority 3
False,31.78,Medium,Priority 2
True,13.0,Low,Priority 3
False,3.0,Low,Priority 3
False,10.0,Low,Priority 3
False,29.0,Low,Priority 3
True,5.0,Low,Priority 3
False,0.0,Low,Priority 3
False,12.0,Low,Priority 3
True,18.0,Low,Priority 3
True,32.0,Medium,Priority 2
False,0.0,Low,Priority 3
False,79.0,High,Priority 1
False,38.0,Medium,Priority 2
False,62.0,Medium,Priority 2
True,55.0,Medium,Priority 2
False,16.0,Low,Priority 3
False,22.92,Low,Priority 3
False,38.0,Medium,Priority 2
False,11.0,Low,Priority 3
True,68.0,Medium,Priority 2
False,2.0,Low,Priority 3
False,16.83,Low,Priority 3
False,32.0,Medium,Priority 2
True,37.0,Medium,Priority 2
False,6.0,Low,Priority 3
False,18.0,Low,Priority 3
False,30.0,Low,Priority 3
False,18.5,Low,Priority 3
False,13.0,Low,Priority 3
True,62.0,Medium,Priority 2
False,10.0,Low,Priority 3
False,1.0,Low,Priority 3
False,10.0,Low,Priority 3
False,18.2,Low,Priority 3
False,15.0,Low,Priority 3
True,18.0,Low,Priority 3
False,3.73,Low,Priority 3
False,7.21,Low,Priority 3
False,13.0,Low,Priority 3
True,25.0,Low,Priority 3
True,72.0,High,Priority 1
False,21.0,Low,Priority 3
True,57.1,Medium,Priority 2
True,53.0,Medium,Priority 2
False,2.76,Low,Priority 3
False,38.0,Medium,Priority 2
False,24.96,Low,Priority 3
False,0.0,Low,Priority 3
False,0.0,Low,Priority 3
False,33.0,Medium,Priority 2
False,17.0,Low,Priority 3
False,0.5,Low,Priority 3
False,2.0,Low,Priority 3
False,31.0,Medium,Priority 2
True,33.0,Medium,Priority 2
False,6.0,Low,Priority 3
False,12.0,Low,Priority 3
False,86.0,High,Priority 1
False,79.0,High,Priority 1
False,61.0,Medium,Priority 2
False,9.73,Low,Priority 3
False,8.0,Low,Priority 3
False,11.33,Low,Priority 3
False,0.0,Low,Priority 3
False,2.0,Low,Priority 3
False,23.17,Low,Priority 3
True,49.0,Medium,Priority 2
False,0.74,Low,Priority 3
False,20.0,Low,Priority 3
False,22.0,Low,Priority 3
False,17.0,Low,Priority 3
False,0.0,Low,Priority 3
False,20.0,Low,Priority 3
True,24.0,Low,Priority 3
True,16.0,Low,Priority 3
False,26.0,Low,Priority 3
False,6.0,Low,Priority 3
False,13.0,Low,Priority 3
False,29.6,Low,Priority 3
True,73.0,High,Priority 1
True,12.0,Low,Priority 3
False,11.0,Low,Priority 3
False,0.77,Low,Priority 3
False,79.0,High,Priority 1
True,59.0,Medium,Priority 2
False,6.0,Low,Priority 3
False,14.0,Low,Priority 3
False,28.0,Low,Priority 3
False,10.0,Low,Priority 3
False,9.0,Low,Priority 3
False,19.0,Low,Priority 3
False,7.21,Low,Priority 3
False,24.55,Low,Priority 3
False,9.0,Low,Priority 3
True,30.0,Low,Priority 3
True,44.0,Medium,Priority 2
False,20.0,Low,Priority 3
False,20.0,Low,Priority 3
False,0.0,Low,Priority 3
False,57.0,Medium,Priority 2
False,30.0,Low,Priority 3
False,32.0,Medium,Priority 2
False,16.0,Low,Priority 3
False,21.0,Low,Priority 3
True,2.0,Low,Priority 3
False,20.0,Low,Priority 3
False,32.0,Medium,Priority 2
False,0.0,Low,Priority 3
False,16.0,Low,Priority 3
False,11.0,Low,Priority 3
False,4.0,Low,Priority 3
False,19.0,Low,Priority 3
True,46.5,Medium,Priority 2
False,0.0,Low,Priority 3
False,0.0,Low,Priority 3
False,55.0,Medium,Priority 2
False,31.5,Medium,Priority 2
False,0.0,Low,Priority 3
False,36.0,Medium,Priority 2
True,43.0,Medium,Priority 2
False,15.0,Low,Priority 3
True,39.0,Medium,Priority 2
False,2.0,Low,Priority 3
False,0.77,Low,Priority 3
False,15.0,Low,Priority 3
True,41.0,Medium,Priority 2
False,35.0,Medium,Priority 2
False,29.0,Low,Priority 3
False,5.0,Low,Priority 3
False,2.0,Low,Priority 3
False,62.0,Medium,Priority 2
False,11.0,Low,Priority 3
False,0.0,Low,Priority 3
False,19.0,Low,Priority 3
True,18.0,Low,Priority 3
False,15.0,Low,Priority 3
False,19.0,Low,Priority 3
False,55.0,Medium,Priority 2
False,50.0,Medium,Priority 2
False,10.0,Low,Priority 3
False,19.0,Low,Priority 3
False,44.0,Medium,Priority 2
False,39.0,Medium,Priority 2
False,15.0,Low,Priority 3
False,16.0,Low,Priority 3
False,25.0,Low,Priority 3
False,80.0,High,Priority 1
False,31.78,Medium,Priority 2
False,25.0,Low,Priority 3
False,38.0,Medium,Priority 2
False,2.0,Low,Priority 3
False,6.0,Low,Priority 3
False,9.0,Low,Priority 3
False,11.0,Low,Priority 3
False,22.0,Low,Priority 3
False,40.5,Medium,Priority 2
True,9.0,Low,Priority 3
False,0.77,Low,Priority 3
False,18.0,Low,Priority 3
False,4.75,Low,Priority 3
False,0.0,Low,Priority 3
True,7.0,Low,Priority 3
False,7.0,Low,Priority 3
True,29.0,Low,Priority 3
True,0.0,Low,Priority 3
False,11.0,Low,Priority 3
False,11.0,Low,Priority 3
True,20.0,Low,Priority 3
True,2.5,Low,Priority 3
False,53.0,Medium,Priority 2
False,10.29,Low,Priority 3
False,0.0,Low,Priority 3
False,0.0,Low,Priority 3
False,5.0,Low,Priority 3
False,23.08,Low,Priority 3
False,4.0,Low,Priority 3
False,9.0,Low,Priority 3
False,36.0,Medium,Priority 2
False,14.0,Low,Priority 3
False,0.77,Low,Priority 3
False,13.0,Low,Priority 3
False,8.0,Low,Priority 3
False,0.0,Low,Priority 3
True,47.0,Medium,Priority 2
False,6.8,Low,Priority 3
False,22.0,Low,Priority 3
False,0.0,Low,Priority 3
False,78.0,High,Priority 1
True,41.0,Medium,Priority 2
True,7.21,Low,Priority 3
False,48.0,Medium,Priority 2
False,9.73,Low,Priority 3
False,2.0,Low,Priority 3
False,9.0,Low,Priority 3
False,19.0,Low,Priority 3
False,3.0,Low,Priority 3
False,15.0,Low,Priority 3
False,26.0,Low,Priority 3
False,12.0,Low,Priority 3
False,31.78,Medium,Priority 2
False,6.0,Low,Priority 3
False,33.0,Medium,Priority 2
False,4.0,Low,Priority 3
False,19.0,Low,Priority 3
False,31.0,Medium,Priority 2
False,9.73,Low,Priority 3
True,62.0,Medium,Priority 2
False,13.0,Low,Priority 3
True,19.0,Low,Priority 3
False,73.18,High,Priority 1
False,7.21,Low,Priority 3
False,42.2,Medium,Priority 2
False,40.0,Medium,Priority 2
True,30.0,Low,Priority 3
False,61.5,Medium,Priority 2
False,37.0,Medium,Priority 2
False,5.0,Low,Priority 3
False,2.0,Low,Priority 3
False,32.0,Medium,Priority 2
False,32.0,Medium,Priority 2
False,3.0,Low,Priority 3
False,18.0,Low,Priority 3
False,23.08,Low,Priority 3
False,5.0,Low,Priority 3
False,17.0,Low,Priority 3
False,27.0,Low,Priority 3
False,22.0,Low,Priority 3
False,63.0,Medium,Priority 2
False,0.5,Low,Priority 3
False,12.03,Low,Priority 3
False,11.0,Low,Priority 3
False,31.5,Medium,Priority 2
False,0.0,Low,Priority 3
False,2.25,Low,Priority 3
True,32.0,Medium,Priority 2
False,1.0,Low,Priority 3
False,2.14,Low,Priority 3
False,19.0,Low,Priority 3
False,17.0,Low,Priority 3
True,61.0,Medium,Priority 2
False,70.0,Medium,Priority 2
True,45.0,Medium,Priority 2
True,2.0,Low,Priority 3
False,6.0,Low,Priority 3
True,54.0,Medium,Priority 2
False,1.0,Low,Priority 3
False,16.0,Low,Priority 3
False,0.0,Low,Priority 3
False,2.0,Low,Priority 3
False,2.0,Low,Priority 3
True,76.0,High,Priority 1
False,18.0,Low,Priority 3
False,18.0,Low,Priority 3
True,43.0,Medium,Priority 2
True,15.0,Low,Priority 3
True,21.0,Low,Priority 3
True,21.0,Low,Priority 3
False,40.0,Medium,Priority 2
False,57.0,Medium,Priority 2
False,52.0,Medium,Priority 2
True,20.0,Low,Priority 3
False,0.0,Low,Priority 3
True,24.0,Low,Priority 3
False,4.0,Low,Priority 3
False,3.07,Low,Priority 3
True,20.0,Low,Priority 3
False,0.0,Low,Priority 3
True,0.0,Low,Priority 3
False,3.97,Low,Priority 3
True,21.0,Low,Priority 3
False,49.0,Medium,Priority 2
False,33.0,Medium,Priority 2
False,28.0,Low,Priority 3
False,26.0,Low,Priority 3
False,24.0,Low,Priority 3
True,4.0,Low,Priority 3
False,78.0,High,Priority 1
False,16.0,Low,Priority 3
False,0.0,Low,Priority 3
False,16.0,Low,Priority 3
False,14.0,Low,Priority 3
False,31.0,Medium,Priority 2
True,52.1,Medium,Priority 2
False,39.0,Medium,Priority 2
False,41.0,Medium,Priority 2
False,19.58,Low,Priority 3
False,59.0,Medium,Priority 2
False,38.0,Medium,Priority 2
True,23.0,Low,Priority 3
False,48.0,Medium,Priority 2
False,10.0,Low,Priority 3
False,54.0,Medium,Priority 2
True,24.0,Low,Priority 3
False,3.0,Low,Priority 3
True,57.0,Medium,Priority 2
False,2.0,Low,Priority 3
True,38.0,Medium,Priority 2
False,11.0,Low,Priority 3
True,29.0,Low,Priority 3
False,9.0,Low,Priority 3
True,52.01,Medium,Priority 2
False,15.0,Low,Priority 3
False,78.0,High,Priority 1
True,17.0,Low,Priority 3
True,29.0,Low,Priority 3
True,16.0,Low,Priority 3
False,21.0,Low,Priority 3
False,52.0,Medium,Priority 2
True,69.0,Medium,Priority 2
False,18.63,Low,Priority 3
False,7.01,Low,Priority 3
True,52.0,Medium,Priority 2
True,0.0,Low,Priority 3
False,17.0,Low,Priority 3
False,3.0,Low,Priority 3
True,11.0,Low,Priority 3
False,20.0,Low,Priority 3
True,43.0,Medium,Priority 2
False,27.0,Low,Priority 3
False,8.0,Low,Priority 3
False,39.0,Medium,Priority 2
False,18.0,Low,Priority 3
False,11.0,Low,Priority 3
False,13.42,Low,Priority 3
False,2.76,Low,Priority 3
False,11.0,Low,Priority 3
False,34.67,Medium,Priority 2
False,5.0,Low,Priority 3
False,3.69,Low,Priority 3
False,15.0,Low,Priority 3
True,43.0,Medium,Priority 2
False,1.0,Low,Priority 3
False,38.0,Medium,Priority 2
True,0.0,Low,Priority 3
False,11.0,Low,Priority 3
False,47.0,Medium,Priority 2
True,53.0,Medium,Priority 2
False,26.0,Low,Priority 3
False,18.0,Low,Priority 3
True,21.0,Low,Priority 3
False,18.0,Low,Priority 3
False,0.0,Low,Priority 3
False,64.0,Medium,Priority 2
False,85.0,High,Priority 1
False,15.0,Low,Priority 3
True,16.0,Low,Priority 3
False,5.6,Low,Priority 3
False,0.0,Low,Priority 3
False,19.0,Low,Priority 3
False,48.0,Medium,Priority 2
False,21.0,Low,Priority 3
True,45.0,Medium,Priority 2
False,7.21,Low,Priority 3
False,7.0,Low,Priority 3
False,11.0,Low,Priority 3
False,21.72,Low,Priority 3
False,62.0,Medium,Priority 2
True,14.0,Low,Priority 3
False,25.0,Low,Priority 3
False,16.03,Low,Priority 3
False,16.0,Low,Priority 3
False,4.0,Low,Priority 3
False,0.0,Low,Priority 3
False,40.0,Medium,Priority 2
False,0.0,Low,Priority 3
False,9.0,Low,Priority 3
False,6.0,Low,Priority 3
False,40.83,Medium,Priority 2
False,0.0,Low,Priority 3
False,4.0,Low,Priority 3
False,28.0,Low,Priority 3
True,5.0,Low,Priority 3
False,0.0,Low,Priority 3
False,0.0,Low,Priority 3
False,1.0,Low,Priority 3
False,17.5,Low,Priority 3
False,0.0,Low,Priority 3
False,8.0,Low,Priority 3
False,2.76,Low,Priority 3
True,25.0,Low,Priority 3
False,1.0,Low,Priority 3
True,43.0,Medium,Priority 2
False,41.0,Medium,Priority 2
True,52.0,Medium,Priority 2
False,0.0,Low,Priority 3
False,28.0,Low,Priority 3
False,3.0,Low,Priority 3
True,52.0,Medium,Priority 2
False,15.0,Low,Priority 3
False,13.29,Low,Priority 3
True,24.0,Low,Priority 3
True,23.0,Low,Priority 3
False,13.0,Low,Priority 3
False,32.0,Medium,Priority 2
False,6.0,Low,Priority 3
False,8.25,Low,Priority 3
False,55.0,Medium,Priority 2
True,67.0,Medium,Priority 2
True,49.0,Medium,Priority 2
False,0.0,Low,Priority 3
True,12.0,Low,Priority 3
False,12.0,Low,Priority 3
False,20.0,Low,Priority 3
False,28.0,Low,Priority 3
False,27.0,Low,Priority 3
False,25.0,Low,Priority 3
False,5.0,Low,Priority 3
False,10.0,Low,Priority 3
False,76.0,High,Priority 1
False,2.0,Low,Priority 3
False,8.17,Low,Priority 3
True,15.0,Low,Priority 3
True,9.0,Low,Priority 3
False,18.0,Low,Priority 3
True,48.0,Medium,Priority 2
False,7.21,Low,Priority 3
False,26.0,Low,Priority 3
False,11.0,Low,Priority 3
True,73.0,High,Priority 1
True,18.0,Low,Priority 3
True,28.0,Low,Priority 3
True,90.4,High,Priority 1
False,6.8,Low,Priority 3
False,12.0,Low,Priority 3
True,11.0,Low,Priority 3
True,36.0,Medium,Priority 2
True,62.0,Medium,Priority 2
True,91.0,High,Priority 1
False,10.0,Low,Priority 3
False,42.2,Medium,Priority 2
False,0.0,Low,Priority 3
False,7.0,Low,Priority 3
True,31.0,Medium,Priority 2
False,0.0,Low,Priority 3
False,28.0,Low,Priority 3
True,27.0,Low,Priority 3
False,7.21,Low,Priority 3
True,9.0,Low,Priority 3
False,3.33,Low,Priority 3
False,9.0,Low,Priority 3
False,20.0,Low,Priority 3
False,55.0,Medium,Priority 2
True,4.0,Low,Priority 3
False,0.0,Low,Priority 3
True,1.0,Low,Priority 3
True,36.0,Medium,Priority 2
False,15.0,Low,Priority 3
True,19.0,Low,Priority 3
False,0.0,Low,Priority 3
False,18.0,Low,Priority 3
False,35.0,Medium,Priority 2
False,0.0,Low,Priority 3
False,47.0,Medium,Priority 2
False,21.0,Low,Priority 3
False,9.0,Low,Priority 3
False,15.0,Low,Priority 3
False,71.8,High,Priority 1
False,40.0,Medium,Priority 2
False,9.0,Low,Priority 3
True,46.0,Medium,Priority 2
False,12.0,Low,Priority 3
False,17.0,Low,Priority 3
False,5.17,Low,Priority 3
False,19.0,Low,Priority 3
False,30.0,Low,Priority 3
False,8.0,Low,Priority 3
False,51.0,Medium,Priority 2
False,6.0,Low,Priority 3
False,27.0,Low,Priority 3
False,15.42,Low,Priority 3
False,14.0,Low,Priority 3
False,36.0,Medium,Priority 2
True,27.0,Low,Priority 3
False,20.0,Low,Priority 3
False,5.0,Low,Priority 3
False,0.0,Low,Priority 3
False,13.33,Low,Priority 3
False,27.0,Low,Priority 3
False,4.0,Low,Priority 3
False,30.0,Low,Priority 3
False,7.21,Low,Priority 3
False,0.0,Low,Priority 3
False,1.0,Low,Priority 3
False,11.0,Low,Priority 3
False,2.0,Low,Priority 3
True,65.0,Medium,Priority 2
False,3.93,Low,Priority 3
False,15.0,Low,Priority 3
False,5.0,Low,Priority 3
False,35.0,Medium,Priority 2
False,7.0,Low,Priority 3
False,14.0,Low,Priority 3
False,12.0,Low,Priority 3
True,30.0,Low,Priority 3
False,7.0,Low,Priority 3
False,23.0,Low,Priority 3
False,31.0,Medium,Priority 2
False,41.0,Medium,Priority 2
False,13.0,Low,Priority 3
False,9.0,Low,Priority 3
False,7.0,Low,Priority 3
True,3.6,Low,Priority 3
True,25.0,Low,Priority 3
False,13.0,Low,Priority 3
False,16.0,Low,Priority 3
False,2.5,Low,Priority 3
False,12.0,Low,Priority 3
True,54.0,Medium,Priority 2
False,11.0,Low,Priority 3
False,39.0,Medium,Priority 2
False,7.0,Low,Priority 3
False,8.0,Low,Priority 3
False,6.0,Low,Priority 3
False,43.0,Medium,Priority 2
False,9.0,Low,Priority 3
False,2.0,Low,Priority 3
True,13.0,Low,Priority 3
False,11.0,Low,Priority 3
False,19.0,Low,Priority 3
False,4.92,Low,Priority 3
False,9.48,Low,Priority 3
False,30.0,Low,Priority 3
True,28.12,Low,Priority 3
False,11.5,Low,Priority 3
False,1.0,Low,Priority 3
False,3.0,Low,Priority 3
False,51.0,Medium,Priority 2
False,28.0,Low,Priority 3
False,0.0,Low,Priority 3
True,20.0,Low,Priority 3
False,48.0,Medium,Priority 2
False,14.0,Low,Priority 3
False,0.0,Low,Priority 3
False,38.0,Medium,Priority 2
False,7.0,Low,Priority 3
True,27.0,Low,Priority 3
False,21.0,Low,Priority 3
False,2.76,Low,Priority 3
False,29.0,Low,Priority 3
False,0.0,Low,Priority 3
False,16.0,Low,Priority 3
False,26.0,Low,Priority 3
False,19.0,Low,Priority 3
True,57.0,Medium,Priority 2
False,36.0,Medium,Priority 2
False,11.0,Low,Priority 3
False,25.0,Low,Priority 3
False,14.0,Low,Priority 3
False,0.0,Low,Priority 3
False,0.0,Low,Priority 3
False,7.0,Low,Priority 3
False,3.73,Low,Priority 3
False,7.0,Low,Priority 3
False,16.0,Low,Priority 3
False,3.0,Low,Priority 3
True,33.0,Medium,Priority 2
False,2.0,Low,Priority 3
False,6.0,Low,Priority 3
False,26.07,Low,Priority 3
True,20.0,Low,Priority 3
False,21.0,Low,Priority 3
False,7.21,Low,Priority 3
False,49.0,Medium,Priority 2
False,0.0,Low,Priority 3
False,3.97,Low,Priority 3
False,18.0,Low,Priority 3
False,21.0,Low,Priority 3
True,34.0,Medium,Priority 2
False,12.5,Low,Priority 3
False,48.0,Medium,Priority 2
False,30.0,Low,Priority 3
False,20.0,Low,Priority 3
False,0.0,Low,Priority 3
False,0.0,Low,Priority 3
True,21.0,Low,Priority 3
False,24.67,Low,Priority 3
False,0.0,Low,Priority 3
False,26.0,Low,Priority 3
True,14.0,Low,Priority 3
False,44.0,Medium,Priority 2
False,0.0,Low,Priority 3
True,71.0,High,Priority 1
False,22.0,Low,Priority 3
False,25.0,Low,Priority 3
False,14.0,Low,Priority 3
True,20.0,Low,Priority 3
False,26.42,Low,Priority 3
False,20.0,Low,Priority 3
False,20.0,Low,Priority 3
False,5.0,Low,Priority 3
False,3.0,Low,Priority 3
False,31.78,Medium,Priority 2
False,4.0,Low,Priority 3
False,44.0,Medium,Priority 2
False,5.0,Low,Priority 3
False,29.0,Low,Priority 3
True,29.0,Low,Priority 3
False,36.0,Medium,Priority 2
True,4.0,Low,Priority 3
False,16.0,Low,Priority 3
False,63.0,Medium,Priority 2
False,0.09,Low,Priority 3
False,8.0,Low,Priority 3
False,28.0,Low,Priority 3
False,8.0,Low,Priority 3
True,1.0,Low,Priority 3
False,14.0,Low,Priority 3
False,40.0,Medium,Priority 2
False,23.0,Low,Priority 3
True,27.83,Low,Priority 3
False,4.0,Low,Priority 3
False,14.0,Low,Priority 3
False,3.0,Low,Priority 3
False,16.0,Low,Priority 3
False,4.0,Low,Priority 3
False,0.0,Low,Priority 3
True,4.0,Low,Priority 3
False,21.0,Low,Priority 3
False,3.65,Low,Priority 3
True,9.0,Low,Priority 3
False,1.0,Low,Priority 3
False,49.0,Medium,Priority 2
False,28.0,Low,Priority 3
False,0.0,Low,Priority 3
False,70.0,Medium,Priority 2
False,11.0,Low,Priority 3
False,18.38,Low,Priority 3
False,1.0,Low,Priority 3
False,45.0,Medium,Priority 2
True,71.0,High,Priority 1
False,2.76,Low,Priority 3
False,8.0,Low,Priority 3
False,16.0,Low,Priority 3
False,20.67,Low,Priority 3
False,19.93,Low,Priority 3
False,3.73,Low,Priority 3
True,47.0,Medium,Priority 2
True,67.0,Medium,Priority 2
False,28.0,Low,Priority 3
True,100.0,High,Priority 1
False,4.0,Low,Priority 3
False,22.0,Low,Priority 3
False,22.0,Low,Priority 3
True,23.0,Low,Priority 3
False,34.0,Medium,Priority 2
False,23.0,Low,Priority 3
False,23.08,Low,Priority 3
False,15.0,Low,Priority 3
False,3.0,Low,Priority 3
False,62.42,Medium,Priority 2
False,27.0,Low,Priority 3
False,47.0,Medium,Priority 2
False,2.0,Low,Priority 3
False,28.8,Low,Priority 3
False,60.0,Medium,Priority 2
False,47.0,Medium,Priority 2
False,16.0,Low,Priority 3
False,21.0,Low,Priority 3
False,8.25,Low,Priority 3
False,58.0,Medium,Priority 2
True,56.0,Medium,Priority 2
False,0.0,Low,Priority 3
False,8.0,Low,Priority 3
False,13.0,Low,Priority 3
False,20.33,Low,Priority 3
True,69.0,Medium,Priority 2
False,1.4,Low,Priority 3
False,22.0,Low,Priority 3
False,0.0,Low,Priority 3
False,0.0,Low,Priority 3
False,36.0,Medium,Priority 2
True,46.0,Medium,Priority 2
False,0.0,Low,Priority 3
False,2.0,Low,Priority 3
True,40.92,Medium,Priority 2
False,2.76,Low,Priority 3
False,11.0,Low,Priority 3
False,0.0,Low,Priority 3
False,17.0,Low,Priority 3
False,10.88,Low,Priority 3
False,13.0,Low,Priority 3
False,17.0,Low,Priority 3
False,42.0,Medium,Priority 2
False,17.0,Low,Priority 3
True,48.0,Medium,Priority 2
False,20.0,Low,Priority 3
False,11.0,Low,Priority 3
False,13.0,Low,Priority 3
False,56.0,Medium,Priority 2
False,0.77,Low,Priority 3
False,0.0,Low,Priority 3
False,0.0,Low,Priority 3
False,3.0,Low,Priority 3
False,25.0,Low,Priority 3
False,22.0,Low,Priority 3
False,6.0,Low,Priority 3
True,13.0,Low,Priority 3
False,8.2,Low,Priority 3
False,3.0,Low,Priority 3
False,3.0,Low,Priority 3
False,0.0,Low,Priority 3
False,20.86,Low,Priority 3
False,12.0,Low,Priority 3
False,0.0,Low,Priority 3
False,0.0,Low,Priority 3
False,19.0,Low,Priority 3
False,33.0,Medium,Priority 2
False,21.0,Low,Priority 3
False,44.0,Medium,Priority 2
False,35.0,Medium,Priority 2
False,4.0,Low,Priority 3
False,23.0,Low,Priority 3
False,25.0,Low,Priority 3
False,28.46,Low,Priority 3
False,13.0,Low,Priority 3
True,6.11,Low,Priority 3
False,0.0,Low,Priority 3
False,27.0,Low,Priority 3
False,19.93,Low,Priority 3
False,17.0,Low,Priority 3
False,0.0,Low,Priority 3
False,5.0,Low,Priority 3
False,3.0,Low,Priority 3
False,7.0,Low,Priority 3
False,19.0,Low,Priority 3
True,19.0,Low,Priority 3
False,20.5,Low,Priority 3
False,0.0,Low,Priority 3
False,6.0,Low,Priority 3
False,12.0,Low,Priority 3
True,44.0,Medium,Priority 2
True,6.0,Low,Priority 3
False,3.0,Low,Priority 3
False,28.0,Low,Priority 3
False,0.0,Low,Priority 3
False,8.67,Low,Priority 3
False,19.0,Low,Priority 3
True,49.0,Medium,Priority 2
False,22.0,Low,Priority 3
True,23.0,Low,Priority 3
False,9.88,Low,Priority 3
False,0.0,Low,Priority 3
False,14.0,Low,Priority 3
False,17.0,Low,Priority 3
False,49.0,Medium,Priority 2
False,18.67,Low,Priority 3
True,27.5,Low,Priority 3
False,15.0,Low,Priority 3
False,37.0,Medium,Priority 2
True,0.0,Low,Priority 3
False,5.0,Low,Priority 3
False,0.77,Low,Priority 3
False,11.0,Low,Priority 3
False,19.1,Low,Priority 3
False,8.0,Low,Priority 3
False,32.0,Medium,Priority 2
True,28.0,Low,Priority 3
False,7.0,Low,Priority 3
False,2.76,Low,Priority 3
False,0.0,Low,Priority 3
False,15.0,Low,Priority 3
False,0.0,Low,Priority 3
False,17.0,Low,Priority 3
False,17.0,Low,Priority 3
False,3.97,Low,Priority 3
False,7.21,Low,Priority 3
False,26.0,Low,Priority 3
True,32.0,Medium,Priority 2
True,15.0,Low,Priority 3
True,30.6,Medium,Priority 2
False,39.53,Medium,Priority 2
True,52.0,Medium,Priority 2
False,12.0,Low,Priority 3
False,29.0,Low,Priority 3
False,37.0,Medium,Priority 2
False,2.0,Low,Priority 3
False,22.0,Low,Priority 3
False,0.0,Low,Priority 3
False,13.0,Low,Priority 3
False,45.6,Medium,Priority 2
False,56.0,Medium,Priority 2
False,0.0,Low,Priority 3
False,51.0,Medium,Priority 2
False,33.0,Medium,Priority 2
True,13.92,Low,Priority 3
False,16.0,Low,Priority 3
False,5.0,Low,Priority 3
False,66.0,Medium,Priority 2
False,37.0,Medium,Priority 2
False,23.0,Low,Priority 3
True,66.0,Medium,Priority 2
False,32.0,Medium,Priority 2
False,14.0,Low,Priority 3
True,58.0,Medium,Priority 2
False,5.0,Low,Priority 3
False,8.0,Low,Priority 3
False,13.02,Low,Priority 3
False,18.0,Low,Priority 3
False,14.0,Low,Priority 3
False,46.0,Medium,Priority 2
False,15.0,Low,Priority 3
False,22.0,Low,Priority 3
False,25.0,Low,Priority 3
False,24.0,Low,Priority 3
False,0.0,Low,Priority 3
True,13.53,Low,Priority 3
True,21.0,Low,Priority 3
False,0.0,Low,Priority 3
True,41.0,Medium,Priority 2
False,5.0,Low,Priority 3
False,0.0,Low,Priority 3
True,36.0,Medium,Priority 2
False,17.0,Low,Priority 3
False,16.0,Low,Priority 3
False,6.0,Low,Priority 3
False,0.0,Low,Priority 3
False,34.0,Medium,Priority 2
True,99.0,High,Priority 1
True,89.0,High,Priority 1
False,14.0,Low,Priority 3
False,28.0,Low,Priority 3
False,30.0,Low,Priority 3
False,0.0,Low,Priority 3
False,3.0,Low,Priority 3
False,12.0,Low,Priority 3
False,40.0,Medium,Priority 2
False,25.0,Low,Priority 3
False,32.0,Medium,Priority 2
False,22.4,Low,Priority 3
False,48.0,Medium,Priority 2
True,22.0,Low,Priority 3
False,0.0,Low,Priority 3
True,43.0,Medium,Priority 2
True,95.0,High,Priority 1
False,0.0,Low,Priority 3
True,18.0,Low,Priority 3
False,8.0,Low,Priority 3
False,25.0,Low,Priority 3
False,35.0,Medium,Priority 2
False,0.34,Low,Priority 3
True,28.0,Low,Priority 3
True,17.0,Low,Priority 3
False,16.0,Low,Priority 3
False,23.0,Low,Priority 3
False,37.0,Medium,Priority 2
False,0.0,Low,Priority 3
False,0.0,Low,Priority 3
False,7.0,Low,Priority 3
True,20.33,Low,Priority 3
False,68.0,Medium,Priority 2
False,36.0,Medium,Priority 2
False,0.0,Low,Priority 3
False,23.0,Low,Priority 3
False,20.86,Low,Priority 3
True,25.25,Low,Priority 3
False,32.0,Medium,Priority 2
False,16.59,Low,Priority 3
False,61.0,Medium,Priority 2
False,34.0,Medium,Priority 2
False,0.77,Low,Priority 3
False,4.14,Low,Priority 3
False,24.0,Low,Priority 3
False,3.73,Low,Priority 3
False,6.0,Low,Priority 3
False,2.0,Low,Priority 3
True,46.0,Medium,Priority 2
False,13.0,Low,Priority 3
False,11.0,Low,Priority 3
True,9.0,Low,Priority 3
True,79.0,High,Priority 1
False,1.0,Low,Priority 3
False,2.76,Low,Priority 3
False,0.0,Low,Priority 3
False,18.0,Low,Priority 3
True,6.5,Low,Priority 3
False,10.0,Low,Priority 3
False,20.0,Low,Priority 3
False,28.0,Low,Priority 3
True,85.0,High,Priority 1
False,10.0,Low,Priority 3
False,0.0,Low,Priority 3
True,97.0,High,Priority 1
False,21.25,Low,Priority 3
False,14.0,Low,Priority 3
False,27.0,Low,Priority 3
False,30.0,Low,Priority 3
False,31.0,Medium,Priority 2
False,9.0,Low,Priority 3
True,68.0,Medium,Priority 2
False,7.0,Low,Priority 3
True,13.0,Low,Priority 3
False,0.0,Low,Priority 3
False,39.0,Medium,Priority 2
False,41.0,Medium,Priority 2
False,70.0,Medium,Priority 2
False,50.0,Medium,Priority 2
False,21.0,Low,Priority 3
False,67.0,Medium,Priority 2
False,28.0,Low,Priority 3
False,0.0,Low,Priority 3
False,83.0,High,Priority 1
False,17.0,Low,Priority 3
False,9.0,Low,Priority 3
False,24.0,Low,Priority 3
False,22.0,Low,Priority 3
False,13.0,Low,Priority 3
False,7.21,Low,Priority 3
False,7.21,Low,Priority 3
False,28.0,Low,Priority 3
True,35.0,Medium,Priority 2
True,50.0,Medium,Priority 2
False,0.0,Low,Priority 3
True,21.0,Low,Priority 3
True,30.0,Low,Priority 3
False,10.0,Low,Priority 3
True,79.0,High,Priority 1
False,3.0,Low,Priority 3
True,25.0,Low,Priority 3
False,5.0,Low,Priority 3
False,27.0,Low,Priority 3
False,8.0,Low,Priority 3
True,25.0,Low,Priority 3
False,5.0,Low,Priority 3
False,41.0,Medium,Priority 2
False,10.0,Low,Priority 3
False,35.0,Medium,Priority 2
True,2.5,Low,Priority 3
False,0.0,Low,Priority 3
False,24.0,Low,Priority 3
True,34.0,Medium,Priority 2
False,48.0,Medium,Priority 2
False,46.0,Medium,Priority 2
False,36.0,Medium,Priority 2
True,22.0,Low,Priority 3
True,42.0,Medium,Priority 2
True,56.0,Medium,Priority 2
False,37.0,Medium,Priority 2
False,15.67,Low,Priority 3
True,30.0,Low,Priority 3
False,0.77,Low,Priority 3
False,29.0,Low,Priority 3
False,39.0,Medium,Priority 2
False,61.0,Medium,Priority 2
False,16.0,Low,Priority 3
False,30.0,Low,Priority 3
False,46.0,Medium,Priority 2
False,17.0,Low,Priority 3
False,8.0,Low,Priority 3
False,6.0,Low,Priority 3
False,1.67,Low,Priority 3
True,10.0,Low,Priority 3
False,16.0,Low,Priority 3
False,24.0,Low,Priority 3
False,19.0,Low,Priority 3
False,40.0,Medium,Priority 2
False,15.0,Low,Priority 3
False,12.0,Low,Priority 3
True,58.0,Medium,Priority 2
False,12.47,Low,Priority 3
False,7.33,Low,Priority 3
False,0.77,Low,Priority 3
False,17.74,Low,Priority 3
False,0.0,Low,Priority 3
False,16.0,Low,Priority 3
False,40.0,Medium,Priority 2
False,4.0,Low,Priority 3
True,18.45,Low,Priority 3
False,65.0,Medium,Priority 2
False,30.0,Low,Priority 3
False,8.0,Low,Priority 3
False,23.0,Low,Priority 3
False,10.0,Low,Priority 3
True,47.0,Medium,Priority 2
True,20.0,Low,Priority 3
False,20.0,Low,Priority 3
False,39.38,Medium,Priority 2
False,32.0,Medium,Priority 2
False,21.0,Low,Priority 3
False,0.77,Low,Priority 3
False,4.0,Low,Priority 3
False,29.0,Low,Priority 3
False,2.76,Low,Priority 3
True,19.81,Low,Priority 3
False,57.0,Medium,Priority 2
False,13.0,Low,Priority 3
False,16.0,Low,Priority 3
False,50.0,Medium,Priority 2
False,9.67,Low,Priority 3
False,65.0,Medium,Priority 2
True,32.67,Medium,Priority 2
False,0.0,Low,Priority 3
False,9.2,Low,Priority 3
True,35.0,Medium,Priority 2
False,0.0,Low,Priority 3
False,0.0,Low,Priority 3
False,20.0,Low,Priority 3
False,4.0,Low,Priority 3
False,70.0,Medium,Priority 2
False,1.0,Low,Priority 3
False,9.0,Low,Priority 3
False,30.0,Low,Priority 3
False,1.0,Low,Priority 3
False,0.0,Low,Priority 3
True,39.0,Medium,Priority 2
False,1.0,Low,Priority 3
False,15.0,Low,Priority 3
False,26.0,Low,Priority 3
False,26.0,Low,Priority 3
True,90.4,High,Priority 1
True,21.0,Low,Priority 3
False,21.0,Low,Priority 3
False,0.0,Low,Priority 3
True,10.0,Low,Priority 3
False,30.0,Low,Priority 3
False,6.63,Low,Priority 3
False,9.0,Low,Priority 3
True,40.0,Medium,Priority 2
False,5.0,Low,Priority 3
False,7.0,Low,Priority 3
False,0.77,Low,Priority 3
False,7.0,Low,Priority 3
False,22.0,Low,Priority 3
True,49.0,Medium,Priority 2
False,0.16,Low,Priority 3
False,13.0,Low,Priority 3
False,31.0,Medium,Priority 2
False,0.0,Low,Priority 3
False,22.0,Low,Priority 3
False,8.0,Low,Priority 3
False,8.0,Low,Priority 3
False,0.77,Low,Priority 3
False,25.0,Low,Priority 3
False,25.0,Low,Priority 3
False,35.0,Medium,Priority 2
True,55.0,Medium,Priority 2
False,37.0,Medium,Priority 2
False,3.0,Low,Priority 3
False,9.0,Low,Priority 3
False,53.0,Medium,Priority 2
False,23.0,Low,Priority 3
False,10.0,Low,Priority 3
False,1.5,Low,Priority 3
False,0.0,Low,Priority 3
False,7.7,Low,Priority 3
False,16.59,Low,Priority 3
True,15.0,Low,Priority 3
False,0.0,Low,Priority 3
False,0.97,Low,Priority 3
False,20.0,Low,Priority 3
False,11.0,Low,Priority 3
False,14.0,Low,Priority 3
True,13.0,Low,Priority 3
False,0.0,Low,Priority 3
False,2.75,Low,Priority 3
False,11.5,Low,Priority 3
False,15.0,Low,Priority 3
True,16.0,Low,Priority 3
False,0.77,Low,Priority 3
False,2.0,Low,Priority 3
True,35.0,Medium,Priority 2
False,8.0,Low,Priority 3
False,7.21,Low,Priority 3
False,35.0,Medium,Priority 2
False,23.0,Low,Priority 3
False,2.0,Low,Priority 3
True,47.0,Medium,Priority 2
False,28.0,Low,Priority 3
True,32.0,Medium,Priority 2
False,28.0,Low,Priority 3
False,39.0,Medium,Priority 2
False,25.0,Low,Priority 3
False,54.0,Medium,Priority 2
False,21.0,Low,Priority 3
False,17.84,Low,Priority 3
False,39.0,Medium,Priority 2
False,5.0,Low,Priority 3
False,35.0,Medium,Priority 2
True,37.0,Medium,Priority 2
False,1.0,Low,Priority 3
False,8.0,Low,Priority 3
False,2.0,Low,Priority 3
True,10.0,Low,Priority 3
True,33.0,Medium,Priority 2
False,20.86,Low,Priority 3
False,30.0,Low,Priority 3
False,26.0,Low,Priority 3
False,15.0,Low,Priority 3
False,6.0,Low,Priority 3
False,9.0,Low,Priority 3
False,0.77,Low,Priority 3
False,11.0,Low,Priority 3
True,22.5,Low,Priority 3
False,0.0,Low,Priority 3
False,5.0,Low,Priority 3
False,27.0,Low,Priority 3
False,0.0,Low,Priority 3
False,4.0,Low,Priority 3
False,22.0,Low,Priority 3
False,6.0,Low,Priority 3
False,1.15,Low,Priority 3
False,9.0,Low,Priority 3
False,22.0,Low,Priority 3
True,11.0,Low,Priority 3
False,8.5,Low,Priority 3
False,17.0,Low,Priority 3
False,80.0,High,Priority 1
False,0.0,Low,Priority 3
False,33.0,Medium,Priority 2
False,10.0,Low,Priority 3
False,10.0,Low,Priority 3
False,2.67,Low,Priority 3
False,7.0,Low,Priority 3
False,3.0,Low,Priority 3
False,0.0,Low,Priority 3
False,7.21,Low,Priority 3
False,0.0,Low,Priority 3
False,28.0,Low,Priority 3
False,47.0,Medium,Priority 2
False,1.9,Low,Priority 3
False,0.0,Low,Priority 3
False,31.0,Medium,Priority 2
False,30.0,Low,Priority 3
True,1.72,Low,Priority 3
False,7.0,Low,Priority 3
False,33.0,Medium,Priority 2
False,17.28,Low,Priority 3
True,100.0,High,Priority 1
False,12.89,Low,Priority 3
False,0.0,Low,Priority 3
False,7.01,Low,Priority 3
False,10.0,Low,Priority 3
False,8.17,Low,Priority 3
False,15.0,Low,Priority 3
False,9.0,Low,Priority 3
True,94.0,High,Priority 1
True,68.0,Medium,Priority 2
True,65.0,Medium,Priority 2
False,1.0,Low,Priority 3
False,38.0,Medium,Priority 2
False,4.67,Low,Priority 3
False,61.0,Medium,Priority 2
False,16.0,Low,Priority 3
False,35.0,Medium,Priority 2
False,52.0,Medium,Priority 2
False,23.0,Low,Priority 3
False,11.0,Low,Priority 3
True,69.0,Medium,Priority 2
False,44.0,Medium,Priority 2
False,27.0,Low,Priority 3
False,13.0,Low,Priority 3
False,13.0,Low,Priority 3
False,23.0,Low,Priority 3
False,3.0,Low,Priority 3
False,31.0,Medium,Priority 2
False,56.0,Medium,Priority 2
True,25.0,Low,Priority 3
False,30.0,Low,Priority 3
False,18.0,Low,Priority 3
False,26.0,Low,Priority 3
False,0.0,Low,Priority 3
False,14.0,Low,Priority 3
False,5.0,Low,Priority 3
False,4.0,Low,Priority 3
False,7.0,Low,Priority 3
False,28.0,Low,Priority 3
True,39.0,Medium,Priority 2
False,45.0,Medium,Priority 2
False,44.0,Medium,Priority 2
False,30.33,Medium,Priority 2
False,1.0,Low,Priority 3
False,18.0,Low,Priority 3
False,30.0,Low,Priority 3
False,22.0,Low,Priority 3
False,2.0,Low,Priority 3
False,15.0,Low,Priority 3
False,6.0,Low,Priority 3
True,17.0,Low,Priority 3
False,48.0,Medium,Priority 2
True,2.0,Low,Priority 3
False,10.17,Low,Priority 3
False,21.0,Low,Priority 3
False,0.0,Low,Priority 3
False,25.0,Low,Priority 3
True,70.11,High,Priority 1
False,19.0,Low,Priority 3
False,0.0,Low,Priority 3
False,9.0,Low,Priority 3
False,16.0,Low,Priority 3
False,0.0,Low,Priority 3
True,47.0,Medium,Priority 2
True,25.0,Low,Priority 3
True,87.0,High,Priority 1
False,40.0,Medium,Priority 2
False,5.0,Low,Priority 3
False,10.0,Low,Priority 3
False,22.0,Low,Priority 3
True,10.0,Low,Priority 3
False,32.0,Medium,Priority 2
False,13.0,Low,Priority 3
True,11.0,Low,Priority 3
False,6.0,Low,Priority 3
False,22.0,Low,Priority 3
False,30.0,Low,Priority 3
False,14.0,Low,Priority 3
False,47.0,Medium,Priority 2
True,17.0,Low,Priority 3
True,77.0,High,Priority 1
False,12.0,Low,Priority 3
False,2.76,Low,Priority 3
False,0.77,Low,Priority 3
False,14.0,Low,Priority 3
True,81.0,High,Priority 1
False,0.0,Low,Priority 3
False,11.0,Low,Priority 3
False,8.07,Low,Priority 3
False,8.0,Low,Priority 3
False,12.0,Low,Priority 3
False,12.0,Low,Priority 3
False,15.0,Low,Priority 3
False,6.0,Low,Priority 3
False,13.0,Low,Priority 3
True,35.0,Medium,Priority 2
False,2.1,Low,Priority 3
False,2.0,Low,Priority 3
False,30.0,Low,Priority 3
False,38.0,Medium,Priority 2
False,0.0,Low,Priority 3
False,11.0,Low,Priority 3
False,5.5,Low,Priority 3
False,3.0,Low,Priority 3
False,27.0,Low,Priority 3
False,14.0,Low,Priority 3
False,6.0,Low,Priority 3
